"","x"
"1","08S01 3113 [Oracle][ODBC][Ora]ORA-03113: end-of-file on communication channel
Process ID: 1979419
Session ID: 2732 Serial number: 49882
"
"2","[RODBC] ERROR: Could not SQLExecDirect 'SELECT
cr.CRUISEJOIN,
cr.CRUISE,
cr.YEAR,
cr.SURVEY_DEFINITION_ID,
cr.SURVEY_NAME,
cr.VESSEL_ID,
cr.VESSEL_NAME,
cp.HAULJOIN,
cp.SPECIES_CODE,
tt.SPECIES_NAME,
tt.COMMON_NAME,
cp.WEIGHT_KG,
cp.COUNT,
cp.AREA_SWEPT_KM2,
cp.CPUE_KGKM2,
cp.CPUE_NOKM2,
-- cp.CPUE_KGKM2/100 AS WTCPUE,
-- cp.CPUE_NOKM2/100 AS NUMCPUE,
hh.HAUL,
hh.STATION,
hh.LATITUDE_DD_START,
hh.LATITUDE_DD_END,
hh.LONGITUDE_DD_START,
hh.LONGITUDE_DD_END
FROM GAP_PRODUCTS.AKFIN_HAUL hh
LEFT JOIN GAP_PRODUCTS.AKFIN_CRUISE cr
ON hh.CRUISEJOIN = cr.CRUISEJOIN
LEFT JOIN GAP_PRODUCTS.AKFIN_CPUE cp
ON hh.HAULJOIN = cp.HAULJOIN
LEFT JOIN GAP_PRODUCTS.TAXONOMIC_CLASSIFICATION tt
ON cp.SPECIES_CODE = tt.SPECIES_CODE
WHERE SURVEY_DEFINITION_ID IN (143, 98) -- 143 NBS, 98 EBS
AND tt.SURVEY_SPECIES = 1;'"
