"names","mean","upCI","lowCI"
"Bloom timing",0.0441625854226721,0.281522790267933,-0.193197619422589
"Open water bloom",0.615903268296978,0.823376621002236,0.40842991559172
"Jan-Feb ice cover",-0.581421190544616,-0.402048341133838,-0.760794039955393
"Mar-Apr ice cover",-0.801447952183344,-0.614664578887982,-0.988231325478706
"Bottom temperature",0.811201594104348,1.00315556288248,0.619247625326217
"Pacific cod",0.780662534465012,0.97877018599252,0.582554882937504
"Arctic groundfish",-0.0841462785846935,0.131924802205689,-0.300217359375076
"Large copepods",-0.566744995029526,-0.344470437416315,-0.789019552642736
"Small copepods",0.631745976259613,0.842608519792516,0.42088343272671
